{"stats":{"minecraft:killed_by":{"minecraft:skeleton":1},"minecraft:mined":{"minecraft:grass_block":1,"minecraft:birch_log":6,"minecraft:stone":50},"minecraft:used":{"minecraft:wooden_sword":9,"minecraft:crafting_table":1,"minecraft:stone_pickaxe":11,"minecraft:wooden_pickaxe":39,"kimetsunoyaiba:nichirinsword_water":1},"minecraft:killed":{"kimetsunoyaiba:muscular_mouse":1},"minecraft:picked_up":{"minecraft:birch_log":6,"minecraft:arrow":1,"minecraft:bone":1,"minecraft:rotten_flesh":2,"minecraft:gunpowder":3,"minecraft:cobblestone":49},"minecraft:crafted":{"minecraft:wooden_sword":1,"minecraft:birch_planks":24,"minecraft:crafting_table":1,"minecraft:stick":8,"minecraft:wooden_pickaxe":1,"minecraft:stone_pickaxe":1},"minecraft:custom":{"minecraft:time_since_rest":1211,"minecraft:damage_taken":299,"minecraft:play_one_minute":16901,"minecraft:crouch_one_cm":440,"minecraft:sprint_one_cm":22864,"minecraft:walk_one_cm":41964,"minecraft:deaths":1,"minecraft:sneak_time":217,"minecraft:mob_kills":3,"minecraft:damage_dealt_resisted":11,"minecraft:jump":241,"minecraft:damage_dealt":220,"minecraft:leave_game":3,"minecraft:time_since_death":0,"minecraft:walk_on_water_one_cm":406,"minecraft:damage_resisted":58,"minecraft:interact_with_crafting_table":2,"minecraft:fall_one_cm":6051,"minecraft:fly_one_cm":46727}},"DataVersion":2586}