{"stats":{"minecraft:used":{"minecraft:wooden_sword":1,"minecraft:crafting_table":1},"minecraft:mined":{"minecraft:birch_log":6,"minecraft:grass_block":1},"minecraft:picked_up":{"minecraft:birch_log":6},"minecraft:crafted":{"minecraft:birch_planks":24,"minecraft:wooden_sword":1,"minecraft:crafting_table":1,"minecraft:stick":4,"minecraft:wooden_pickaxe":1},"minecraft:custom":{"minecraft:jump":77,"minecraft:time_since_rest":3942,"minecraft:damage_dealt":19,"minecraft:crouch_one_cm":5,"minecraft:play_one_minute":3942,"minecraft:sprint_one_cm":8541,"minecraft:walk_on_water_one_cm":406,"minecraft:time_since_death":3942,"minecraft:walk_one_cm":7740,"minecraft:sneak_time":55,"minecraft:interact_with_crafting_table":1,"minecraft:fall_one_cm":1730,"minecraft:fly_one_cm":11391}},"DataVersion":2586}