{"stats":{"minecraft:killed_by":{"minecraft:skeleton":1},"minecraft:used":{"minecraft:stone_pickaxe":11,"minecraft:wooden_pickaxe":39,"kimetsunoyaiba:muzanblood":3,"kimetsunoyaiba:fusuma":1,"minecraft:wooden_sword":9,"minecraft:beef":3,"minecraft:crafting_table":1,"kimetsunoyaiba:nichirinsword_water":13},"minecraft:mined":{"minecraft:birch_log":6,"kimetsunoyaiba:fusuma":1,"minecraft:grass_block":1,"minecraft:stone":50},"minecraft:killed":{"minecraft:skeleton":1,"kimetsunoyaiba:muscular_mouse":1},"minecraft:picked_up":{"minecraft:birch_log":6,"minecraft:azure_bluet":1,"minecraft:flower_pot":3,"minecraft:leather":1,"minecraft:gunpowder":3,"kimetsunoyaiba:fusuma":1,"minecraft:rotten_flesh":4,"minecraft:bone":4,"minecraft:arrow":3,"minecraft:blue_orchid":1,"minecraft:wheat_seeds":13,"minecraft:lever":2,"minecraft:beef":3,"minecraft:poppy":2,"minecraft:cobblestone":49,"minecraft:sunflower":6},"minecraft:crafted":{"minecraft:wooden_sword":1,"minecraft:crafting_table":1,"minecraft:stick":8,"minecraft:wooden_pickaxe":1,"minecraft:stone_pickaxe":1,"minecraft:birch_planks":24},"minecraft:custom":{"minecraft:time_since_rest":7342,"minecraft:sprint_one_cm":59865,"minecraft:damage_taken":466,"minecraft:walk_one_cm":66029,"minecraft:mob_kills":8,"minecraft:damage_dealt":566,"minecraft:swim_one_cm":1146,"minecraft:interact_with_crafting_table":2,"minecraft:fly_one_cm":116544,"minecraft:open_chest":3,"minecraft:crouch_one_cm":683,"minecraft:play_one_minute":25435,"tombstone:undead_killed":1,"minecraft:deaths":1,"minecraft:sneak_time":299,"minecraft:walk_under_water_one_cm":1948,"minecraft:interact_with_lectern":1,"minecraft:jump":456,"minecraft:damage_dealt_resisted":21,"minecraft:interact_with_brewingstand":1,"minecraft:leave_game":4,"minecraft:walk_on_water_one_cm":2734,"minecraft:time_since_death":8112,"minecraft:climb_one_cm":158,"minecraft:damage_resisted":99,"minecraft:fall_one_cm":12435}},"DataVersion":2586}