{"stats":{"minecraft:used":{"minecraft:stone_pickaxe":11,"minecraft:wooden_pickaxe":39,"kimetsunoyaiba:human_flesh_2":10,"minecraft:rotten_flesh":5,"kimetsunoyaiba:fusuma":1,"minecraft:dirt":7,"minecraft:crafting_table":1,"alexsmobs:maggot":4,"kimetsunoyaiba:nichirinswordmoon":142,"carryon:entity_item":2,"kimetsunoyaiba:boar_flesh":2,"kimetsunoyaiba:muzanblood":3,"minecraft:wooden_sword":9,"minecraft:potion":2,"minecraft:cobblestone":41,"minecraft:beef":3,"kimetsunoyaiba:nichirinsword_water":110},"minecraft:mined":{"minecraft:grass_block":7,"minecraft:tall_grass":1,"minecraft:birch_log":6,"kimetsunoyaiba:fusuma":1,"minecraft:grass":45,"minecraft:sunflower":7,"minecraft:dirt":5,"minecraft:stone":50},"minecraft:dropped":{"minecraft:lever":2,"kimetsunoyaiba:dice_steak_leg":2,"kimetsunoyaiba:dice_steak_head_4":1,"kimetsunoyaiba:nichirinswordmoon":1,"kimetsunoyaiba:nichirinsword_water":1},"minecraft:killed":{"kimetsunoyaiba:demon":2,"alexsmobs:hummingbird":1,"kimetsunoyaiba:demon_2":2,"minecraft:spider":1,"kimetsunoyaiba:haganeduka":1,"kimetsunoyaiba:boar":1,"kimetsunoyaiba:spider_demon":2,"minecraft:skeleton":1,"kimetsunoyaiba:kasugai_crow":1,"kimetsunoyaiba:muscular_mouse":1},"minecraft:custom":{"minecraft:mob_kills":41,"minecraft:interact_with_crafting_table":2,"minecraft:play_one_minute":78577,"minecraft:damage_dealt_resisted":1762,"minecraft:leave_game":16,"minecraft:time_since_death":13514,"minecraft:climb_one_cm":158,"minecraft:damage_resisted":1132,"minecraft:time_since_rest":11115,"minecraft:sprint_one_cm":318928,"minecraft:damage_taken":2489,"minecraft:walk_one_cm":273304,"minecraft:drop":6,"minecraft:damage_dealt":5028,"minecraft:swim_one_cm":6436,"minecraft:fly_one_cm":579165,"minecraft:open_chest":4,"minecraft:crouch_one_cm":4510,"tombstone:undead_killed":1,"minecraft:deaths":6,"minecraft:sneak_time":1083,"minecraft:walk_under_water_one_cm":3411,"minecraft:interact_with_lectern":1,"minecraft:jump":1750,"minecraft:interact_with_brewingstand":1,"minecraft:walk_on_water_one_cm":27750,"minecraft:fall_one_cm":56633},"minecraft:picked_up":{"kimetsunoyaiba:human_flesh_2":11,"minecraft:birch_log":6,"minecraft:azure_bluet":1,"minecraft:cooked_beef":1,"minecraft:flower_pot":6,"minecraft:leather":1,"tombstone:grave_key":1,"minecraft:oak_log":2,"kimetsunoyaiba:dice_steak_leg":2,"kimetsunoyaiba:fusuma":1,"minecraft:gunpowder":5,"kimetsunoyaiba:dice_steak_arm":4,"minecraft:dirt":25,"minecraft:string":9,"kimetsunoyaiba:nichirinswordmoon":2,"kimetsunoyaiba:dice_steak_head_2":1,"minecraft:blue_orchid":1,"minecraft:bone":5,"minecraft:wheat_seeds":17,"minecraft:beef":3,"minecraft:poppy":2,"kimetsunoyaiba:dice_steak_head_4":2,"kimetsunoyaiba:nichirinsword_water":1,"kimetsunoyaiba:d_ice_steak_head_3":2,"minecraft:arrow":3,"minecraft:rotten_flesh":7,"kimetsunoyaiba:uniform_boots":1,"minecraft:lever":2,"kimetsunoyaiba:boar_flesh":2,"minecraft:blue_dye":1,"kimetsunoyaiba:dice_steak_head_1":1,"kimetsunoyaiba:demon_hand":1,"alexsmobs:maggot":4,"kimetsunoyaiba:dice_steak_body":2,"minecraft:oxeye_daisy":1,"minecraft:cobblestone":49,"minecraft:sunflower":11},"minecraft:killed_by":{"kimetsunoyaiba:demon_slayer":2,"minecraft:skeleton":1,"minecraft:creeper":1,"kimetsunoyaiba:kanawo":1},"minecraft:crafted":{"minecraft:wooden_sword":1,"minecraft:crafting_table":1,"minecraft:wooden_pickaxe":1,"minecraft:birch_planks":24,"minecraft:stick":8,"minecraft:stone_pickaxe":1}},"DataVersion":2586}