{"stats":{"minecraft:killed_by":{"kimetsunoyaiba:demon_slayer":1,"minecraft:skeleton":1},"minecraft:mined":{"minecraft:birch_log":6,"kimetsunoyaiba:fusuma":1,"minecraft:grass":22,"minecraft:grass_block":7,"minecraft:dirt":2,"minecraft:stone":50},"minecraft:used":{"kimetsunoyaiba:nichirinswordmoon":81,"minecraft:stone_pickaxe":11,"minecraft:wooden_pickaxe":39,"kimetsunoyaiba:boar_flesh":1,"kimetsunoyaiba:human_flesh_2":3,"minecraft:dirt":7,"kimetsunoyaiba:muzanblood":3,"kimetsunoyaiba:fusuma":1,"minecraft:wooden_sword":9,"minecraft:potion":2,"minecraft:beef":3,"minecraft:crafting_table":1,"kimetsunoyaiba:nichirinsword_water":69},"minecraft:dropped":{"kimetsunoyaiba:dice_steak_head_4":1,"kimetsunoyaiba:nichirinsword_water":1,"kimetsunoyaiba:dice_steak_leg":2},"minecraft:killed":{"kimetsunoyaiba:demon":2,"minecraft:skeleton":1,"kimetsunoyaiba:kasugai_crow":1,"kimetsunoyaiba:muscular_mouse":1,"kimetsunoyaiba:demon_2":1,"minecraft:spider":1,"kimetsunoyaiba:boar":1,"kimetsunoyaiba:spider_demon":2},"minecraft:picked_up":{"kimetsunoyaiba:human_flesh_2":3,"minecraft:birch_log":6,"minecraft:azure_bluet":1,"minecraft:flower_pot":6,"minecraft:leather":1,"kimetsunoyaiba:nichirinsword_water":1,"kimetsunoyaiba:dice_steak_leg":2,"minecraft:gunpowder":3,"kimetsunoyaiba:fusuma":1,"kimetsunoyaiba:dice_steak_arm":2,"minecraft:dirt":8,"kimetsunoyaiba:dice_steak_head_2":1,"kimetsunoyaiba:d_ice_steak_head_3":1,"kimetsunoyaiba:nichirinswordmoon":1,"minecraft:rotten_flesh":4,"minecraft:bone":4,"minecraft:arrow":3,"minecraft:blue_orchid":1,"kimetsunoyaiba:uniform_boots":1,"minecraft:wheat_seeds":15,"minecraft:lever":2,"kimetsunoyaiba:boar_flesh":1,"minecraft:beef":3,"kimetsunoyaiba:dice_steak_head_1":1,"minecraft:poppy":2,"kimetsunoyaiba:dice_steak_body":1,"kimetsunoyaiba:dice_steak_head_4":1,"minecraft:cobblestone":49,"minecraft:sunflower":6},"minecraft:crafted":{"minecraft:wooden_sword":1,"minecraft:crafting_table":1,"minecraft:stick":8,"minecraft:wooden_pickaxe":1,"minecraft:stone_pickaxe":1,"minecraft:birch_planks":24},"minecraft:custom":{"minecraft:time_since_rest":7571,"minecraft:sprint_one_cm":144489,"minecraft:damage_taken":1371,"minecraft:walk_one_cm":162279,"minecraft:mob_kills":30,"minecraft:drop":4,"minecraft:damage_dealt":3669,"minecraft:swim_one_cm":1146,"minecraft:interact_with_crafting_table":2,"minecraft:fly_one_cm":273628,"minecraft:open_chest":4,"minecraft:crouch_one_cm":686,"minecraft:play_one_minute":43435,"tombstone:undead_killed":1,"minecraft:deaths":3,"minecraft:sneak_time":313,"minecraft:walk_under_water_one_cm":1948,"minecraft:interact_with_lectern":1,"minecraft:jump":1007,"minecraft:damage_dealt_resisted":1201,"minecraft:interact_with_brewingstand":1,"minecraft:leave_game":4,"minecraft:walk_on_water_one_cm":13505,"minecraft:time_since_death":9685,"minecraft:climb_one_cm":158,"minecraft:damage_resisted":390,"minecraft:fall_one_cm":27006}},"DataVersion":2586}