{"stats":{"minecraft:used":{"minecraft:stone_pickaxe":11,"minecraft:wooden_pickaxe":39,"kimetsunoyaiba:human_flesh_2":10,"minecraft:rotten_flesh":14,"kimetsunoyaiba:fusuma":1,"minecraft:dirt":7,"minecraft:mutton":1,"minecraft:crafting_table":1,"alexsmobs:maggot":4,"minecraft:oxeye_daisy":1,"kimetsunoyaiba:nichirinswordmoon":147,"minecraft:chicken":1,"carryon:entity_item":2,"kimetsunoyaiba:boar_flesh":2,"kimetsunoyaiba:muzanblood":3,"minecraft:wooden_sword":9,"minecraft:potion":2,"minecraft:cobblestone":41,"minecraft:beef":3,"minecraft:cooked_beef":1,"minecraft:egg":1,"kimetsunoyaiba:nichirinsword_water":156},"minecraft:mined":{"minecraft:grass_block":7,"minecraft:tall_grass":6,"minecraft:birch_log":6,"kimetsunoyaiba:fusuma":1,"minecraft:grass":72,"minecraft:sunflower":14,"minecraft:dirt":5,"minecraft:stone":50},"minecraft:dropped":{"kimetsunoyaiba:d_ice_steak_head_3":2,"minecraft:lever":2,"minecraft:oak_log":2,"kimetsunoyaiba:dice_steak_head_1":1,"tombstone:gift":1,"minecraft:cobblestone":2,"kimetsunoyaiba:dice_steak_head_2":1,"kimetsunoyaiba:uniform_boots":2,"kimetsunoyaiba:dice_steak_leg":2,"minecraft:stick":3,"minecraft:dirt":18,"minecraft:gray_wool":1,"minecraft:gunpowder":1,"kimetsunoyaiba:dice_steak_head_4":2,"kimetsunoyaiba:demon_hand":1,"kimetsunoyaiba:dice_steak_body":2,"kimetsunoyaiba:nichirinswordmoon":2,"minecraft:wooden_sword":1,"minecraft:arrow":10,"minecraft:wooden_pickaxe":1,"kimetsunoyaiba:nichirinsword_water":1,"minecraft:string":9,"minecraft:bone":3},"minecraft:killed":{"kimetsunoyaiba:demon":2,"alexsmobs:hummingbird":1,"kimetsunoyaiba:demon_2":2,"minecraft:spider":1,"kimetsunoyaiba:haganeduka":1,"kimetsunoyaiba:boar":1,"minecraft:creeper":2,"kimetsunoyaiba:spider_demon":2,"minecraft:skeleton":2,"kimetsunoyaiba:kasugai_crow":1,"kimetsunoyaiba:muscular_mouse":1},"minecraft:custom":{"minecraft:mob_kills":49,"minecraft:interact_with_crafting_table":2,"minecraft:play_one_minute":93207,"minecraft:damage_dealt_resisted":1954,"minecraft:leave_game":17,"minecraft:time_since_death":13743,"minecraft:climb_one_cm":158,"minecraft:damage_resisted":1374,"minecraft:time_since_rest":12460,"minecraft:sprint_one_cm":377797,"minecraft:damage_taken":2855,"minecraft:walk_one_cm":337673,"minecraft:drop":50,"minecraft:damage_dealt":6007,"minecraft:swim_one_cm":12529,"minecraft:fly_one_cm":685538,"minecraft:open_chest":4,"minecraft:crouch_one_cm":6047,"tombstone:undead_killed":2,"minecraft:deaths":7,"minecraft:sneak_time":1478,"minecraft:walk_under_water_one_cm":4897,"minecraft:interact_with_lectern":1,"minecraft:jump":2022,"minecraft:interact_with_brewingstand":1,"minecraft:walk_on_water_one_cm":46893,"minecraft:fall_one_cm":66923},"minecraft:picked_up":{"kimetsunoyaiba:human_flesh_2":11,"minecraft:birch_log":6,"minecraft:azure_bluet":1,"minecraft:cooked_beef":1,"minecraft:chicken":2,"minecraft:flower_pot":6,"minecraft:leather":1,"tombstone:grave_key":1,"minecraft:oak_log":2,"kimetsunoyaiba:dice_steak_leg":2,"kimetsunoyaiba:fusuma":1,"minecraft:gunpowder":6,"kimetsunoyaiba:dice_steak_arm":4,"minecraft:dirt":25,"minecraft:string":9,"kimetsunoyaiba:nichirinswordmoon":2,"kimetsunoyaiba:dice_steak_head_2":1,"minecraft:blue_orchid":1,"minecraft:bone":10,"minecraft:wheat_seeds":19,"minecraft:beef":3,"minecraft:poppy":2,"kimetsunoyaiba:dice_steak_head_4":2,"minecraft:egg":1,"kimetsunoyaiba:nichirinsword_water":1,"kimetsunoyaiba:d_ice_steak_head_3":2,"minecraft:arrow":10,"minecraft:rotten_flesh":15,"kimetsunoyaiba:uniform_boots":2,"minecraft:lever":2,"kimetsunoyaiba:boar_flesh":2,"minecraft:blue_dye":1,"kimetsunoyaiba:dice_steak_head_1":1,"minecraft:gray_wool":1,"kimetsunoyaiba:demon_hand":1,"alexsmobs:maggot":4,"kimetsunoyaiba:dice_steak_body":2,"minecraft:mutton":1,"minecraft:oxeye_daisy":1,"minecraft:cobblestone":49,"minecraft:sunflower":13},"minecraft:killed_by":{"kimetsunoyaiba:demon_slayer":2,"minecraft:skeleton":1,"minecraft:creeper":2,"kimetsunoyaiba:kanawo":1},"minecraft:crafted":{"minecraft:wooden_sword":1,"minecraft:crafting_table":1,"minecraft:wooden_pickaxe":1,"minecraft:birch_planks":24,"minecraft:stick":8,"minecraft:stone_pickaxe":1}},"DataVersion":2586}