{"stats":{"minecraft:killed_by":{"kimetsunoyaiba:demon_slayer":1,"minecraft:skeleton":1,"kimetsunoyaiba:kanawo":1},"minecraft:mined":{"minecraft:grass_block":7,"minecraft:birch_log":6,"kimetsunoyaiba:fusuma":1,"minecraft:grass":26,"minecraft:dirt":5,"minecraft:stone":50},"minecraft:used":{"minecraft:stone_pickaxe":11,"minecraft:wooden_pickaxe":39,"kimetsunoyaiba:human_flesh_2":9,"minecraft:rotten_flesh":4,"kimetsunoyaiba:fusuma":1,"minecraft:dirt":7,"minecraft:crafting_table":1,"kimetsunoyaiba:nichirinswordmoon":119,"carryon:entity_item":2,"kimetsunoyaiba:boar_flesh":2,"kimetsunoyaiba:muzanblood":3,"minecraft:wooden_sword":9,"minecraft:beef":3,"minecraft:cobblestone":37,"minecraft:potion":2,"kimetsunoyaiba:nichirinsword_water":80},"minecraft:dropped":{"kimetsunoyaiba:dice_steak_leg":2,"kimetsunoyaiba:dice_steak_head_4":1,"kimetsunoyaiba:nichirinswordmoon":1,"kimetsunoyaiba:nichirinsword_water":1},"minecraft:killed":{"kimetsunoyaiba:demon":2,"kimetsunoyaiba:demon_2":2,"minecraft:spider":1,"kimetsunoyaiba:boar":1,"kimetsunoyaiba:spider_demon":2,"minecraft:skeleton":1,"kimetsunoyaiba:kasugai_crow":1,"kimetsunoyaiba:muscular_mouse":1},"minecraft:picked_up":{"kimetsunoyaiba:human_flesh_2":9,"minecraft:birch_log":6,"minecraft:azure_bluet":1,"minecraft:flower_pot":6,"minecraft:leather":1,"kimetsunoyaiba:dice_steak_leg":2,"kimetsunoyaiba:fusuma":1,"minecraft:gunpowder":3,"kimetsunoyaiba:dice_steak_arm":2,"minecraft:dirt":9,"kimetsunoyaiba:nichirinswordmoon":2,"kimetsunoyaiba:dice_steak_head_2":1,"minecraft:bone":4,"minecraft:blue_orchid":1,"minecraft:wheat_seeds":16,"minecraft:beef":3,"minecraft:poppy":2,"kimetsunoyaiba:dice_steak_head_4":1,"kimetsunoyaiba:nichirinsword_water":1,"kimetsunoyaiba:d_ice_steak_head_3":1,"minecraft:arrow":3,"minecraft:rotten_flesh":4,"kimetsunoyaiba:uniform_boots":1,"minecraft:lever":2,"kimetsunoyaiba:boar_flesh":2,"kimetsunoyaiba:dice_steak_head_1":1,"kimetsunoyaiba:dice_steak_body":1,"minecraft:cobblestone":49,"minecraft:sunflower":6},"minecraft:custom":{"minecraft:mob_kills":37,"minecraft:interact_with_crafting_table":2,"minecraft:play_one_minute":55435,"minecraft:damage_dealt_resisted":1485,"minecraft:leave_game":4,"minecraft:time_since_death":2455,"minecraft:climb_one_cm":158,"minecraft:damage_resisted":726,"minecraft:time_since_rest":56,"minecraft:sprint_one_cm":186639,"minecraft:damage_taken":1879,"minecraft:walk_one_cm":206038,"minecraft:drop":5,"minecraft:damage_dealt":4352,"minecraft:swim_one_cm":1146,"minecraft:fly_one_cm":365578,"minecraft:open_chest":4,"minecraft:crouch_one_cm":3703,"tombstone:undead_killed":1,"minecraft:deaths":4,"minecraft:sneak_time":898,"minecraft:walk_under_water_one_cm":1948,"minecraft:interact_with_lectern":1,"minecraft:interact_with_brewingstand":1,"minecraft:jump":1241,"minecraft:walk_on_water_one_cm":19045,"minecraft:fall_one_cm":33870},"minecraft:crafted":{"minecraft:wooden_sword":1,"minecraft:crafting_table":1,"minecraft:wooden_pickaxe":1,"minecraft:birch_planks":24,"minecraft:stick":8,"minecraft:stone_pickaxe":1}},"DataVersion":2586}