{"stats":{"minecraft:crafted":{"minecraft:wooden_sword":1,"minecraft:crafting_table":1,"minecraft:wooden_pickaxe":1,"minecraft:birch_planks":24,"minecraft:stick":8,"minecraft:stone_pickaxe":1},"minecraft:used":{"minecraft:stone_pickaxe":11,"minecraft:wooden_pickaxe":39,"kimetsunoyaiba:human_flesh_2":10,"minecraft:rotten_flesh":14,"kimetsunoyaiba:fusuma":1,"minecraft:dirt":7,"minecraft:mutton":1,"minecraft:crafting_table":1,"alexsmobs:maggot":4,"minecraft:oxeye_daisy":1,"kimetsunoyaiba:nichirinswordmoon":147,"minecraft:chicken":1,"carryon:entity_item":2,"kimetsunoyaiba:boar_flesh":2,"kimetsunoyaiba:muzanblood":3,"minecraft:potion":2,"minecraft:wooden_sword":9,"minecraft:cobblestone":41,"minecraft:beef":3,"minecraft:egg":1,"minecraft:cooked_beef":1,"kimetsunoyaiba:nichirinsword_water":162},"minecraft:dropped":{"kimetsunoyaiba:d_ice_steak_head_3":2,"minecraft:lever":2,"minecraft:oak_log":2,"kimetsunoyaiba:dice_steak_head_1":1,"tombstone:gift":1,"minecraft:cobblestone":2,"kimetsunoyaiba:dice_steak_head_2":1,"kimetsunoyaiba:uniform_boots":2,"kimetsunoyaiba:dice_steak_leg":2,"minecraft:stick":3,"minecraft:dirt":18,"minecraft:gray_wool":1,"minecraft:gunpowder":1,"kimetsunoyaiba:dice_steak_head_4":2,"kimetsunoyaiba:demon_hand":1,"kimetsunoyaiba:dice_steak_body":2,"kimetsunoyaiba:nichirinswordmoon":2,"minecraft:wooden_sword":1,"minecraft:arrow":10,"minecraft:wooden_pickaxe":1,"kimetsunoyaiba:nichirinsword_water":1,"minecraft:string":9,"minecraft:bone":3},"minecraft:picked_up":{"kimetsunoyaiba:human_flesh_2":13,"minecraft:birch_log":6,"minecraft:azure_bluet":1,"minecraft:cooked_beef":1,"minecraft:chicken":2,"minecraft:flower_pot":6,"minecraft:leather":1,"minecraft:oak_log":2,"kimetsunoyaiba:dice_steak_leg":2,"tombstone:grave_key":1,"minecraft:gunpowder":6,"kimetsunoyaiba:fusuma":1,"kimetsunoyaiba:dice_steak_arm":4,"minecraft:dirt":25,"minecraft:string":9,"kimetsunoyaiba:nichirinswordmoon":2,"kimetsunoyaiba:dice_steak_head_2":2,"minecraft:bone":10,"minecraft:blue_orchid":1,"minecraft:wheat_seeds":19,"minecraft:beef":3,"minecraft:poppy":2,"kimetsunoyaiba:dice_steak_head_4":2,"minecraft:egg":1,"kimetsunoyaiba:nichirinsword_water":1,"kimetsunoyaiba:d_ice_steak_head_3":3,"minecraft:arrow":10,"minecraft:rotten_flesh":15,"kimetsunoyaiba:uniform_boots":2,"minecraft:lever":2,"kimetsunoyaiba:boar_flesh":2,"minecraft:blue_dye":1,"kimetsunoyaiba:dice_steak_head_1":1,"minecraft:gray_wool":1,"kimetsunoyaiba:demon_hand":1,"kimetsunoyaiba:dice_steak_body":2,"alexsmobs:maggot":4,"minecraft:mutton":1,"minecraft:sunflower":13,"minecraft:cobblestone":49,"minecraft:oxeye_daisy":1},"minecraft:killed_by":{"kimetsunoyaiba:demon_slayer":2,"minecraft:skeleton":1,"minecraft:creeper":2,"kimetsunoyaiba:kanawo":1},"minecraft:custom":{"minecraft:mob_kills":49,"minecraft:interact_with_crafting_table":2,"minecraft:play_one_minute":99764,"minecraft:damage_dealt_resisted":1977,"minecraft:leave_game":20,"minecraft:time_since_death":2404,"minecraft:damage_resisted":1793,"minecraft:climb_one_cm":158,"minecraft:time_since_rest":364,"minecraft:sprint_one_cm":427362,"minecraft:damage_taken":3481,"minecraft:walk_one_cm":349060,"minecraft:drop":50,"minecraft:damage_dealt":6013,"minecraft:swim_one_cm":13860,"minecraft:fly_one_cm":760179,"minecraft:open_chest":4,"minecraft:crouch_one_cm":6300,"tombstone:undead_killed":2,"minecraft:deaths":9,"minecraft:sneak_time":1527,"minecraft:walk_under_water_one_cm":5016,"minecraft:interact_with_lectern":1,"minecraft:interact_with_brewingstand":1,"minecraft:jump":2235,"minecraft:walk_on_water_one_cm":60719,"minecraft:fall_one_cm":70230},"minecraft:killed":{"kimetsunoyaiba:demon":2,"alexsmobs:hummingbird":1,"kimetsunoyaiba:demon_2":2,"minecraft:spider":1,"kimetsunoyaiba:boar":1,"kimetsunoyaiba:haganeduka":1,"minecraft:creeper":2,"kimetsunoyaiba:spider_demon":2,"minecraft:skeleton":2,"kimetsunoyaiba:kasugai_crow":1,"kimetsunoyaiba:muscular_mouse":1},"minecraft:mined":{"minecraft:grass_block":7,"minecraft:tall_grass":6,"minecraft:birch_log":6,"kimetsunoyaiba:fusuma":1,"minecraft:grass":72,"minecraft:sunflower":14,"minecraft:dirt":5,"minecraft:stone":50}},"DataVersion":2586}