{"stats":{"minecraft:custom":{"minecraft:open_chest":1,"minecraft:time_since_rest":1,"minecraft:play_one_minute":8891,"minecraft:damage_taken":338,"minecraft:sprint_one_cm":29896,"minecraft:walk_one_cm":25913,"minecraft:deaths":3,"minecraft:sneak_time":8,"minecraft:walk_under_water_one_cm":1074,"minecraft:drop":3,"minecraft:damage_dealt_resisted":8,"minecraft:jump":265,"minecraft:damage_dealt":152,"minecraft:leave_game":3,"minecraft:time_since_death":710,"minecraft:walk_on_water_one_cm":2603,"minecraft:swim_one_cm":7027,"minecraft:fly_one_cm":66365,"minecraft:fall_one_cm":6273},"minecraft:killed_by":{"kimetsunoyaiba:demon_2":1},"minecraft:crafted":{"minecraft:oak_planks":16,"minecraft:stick":8},"minecraft:used":{"minecraft:dirt":2,"minecraft:oak_sapling":1,"tombstone:gift":2,"alexsmobs:animal_dictionary":1,"kimetsunoyaiba:boar_flesh":1},"minecraft:mined":{"minecraft:grass":3,"minecraft:grass_block":1,"minecraft:oak_log":4,"minecraft:sunflower":1,"minecraft:dirt":1,"minecraft:oxeye_daisy":1,"minecraft:oak_leaves":5},"minecraft:dropped":{"minecraft:string":2,"minecraft:bone":1},"minecraft:picked_up":{"minecraft:stick":2,"kimetsunoyaiba:boar_flesh":1,"minecraft:oak_log":4,"minecraft:oak_sapling":1,"minecraft:dirt":2,"minecraft:string":3}},"DataVersion":2586}