{"stats":{"minecraft:used":{"kimetsunoyaiba:nichirinswordmoon":4,"minecraft:chicken":1,"minecraft:mutton":1,"tombstone:gift":2},"minecraft:mined":{"minecraft:grass":1,"minecraft:oak_log":4,"minecraft:tall_grass":1,"minecraft:sugar_cane":5,"minecraft:oak_leaves":3},"minecraft:dropped":{"kimetsunoyaiba:dice_steak_head_4":1,"kimetsunoyaiba:dice_steak_head_1":1,"kimetsunoyaiba:dice_steak_body":2,"tombstone:grave_dust":1,"minecraft:feather":2,"kimetsunoyaiba:nichirinswordmoon":1,"kimetsunoyaiba:dice_steak_head_2":1,"kimetsunoyaiba:uniform_boots":1,"minecraft:string":2,"kimetsunoyaiba:dice_steak_leg":1},"minecraft:killed":{"minecraft:sheep":1},"minecraft:picked_up":{"minecraft:feather":2,"minecraft:chicken":1,"minecraft:wooden_pickaxe":3,"minecraft:oak_log":4,"kimetsunoyaiba:dice_steak_leg":1,"minecraft:string":3,"tombstone:gift":1,"kimetsunoyaiba:nichirinswordmoon":2,"minecraft:wooden_sword":1,"kimetsunoyaiba:dice_steak_head_2":1,"minecraft:bone":3,"minecraft:arrow":4,"create:copper_ore":1,"kimetsunoyaiba:uniform_boots":1,"minecraft:wheat_seeds":2,"kimetsunoyaiba:dice_steak_head_1":1,"kimetsunoyaiba:dice_steak_body":2,"minecraft:sugar_cane":6,"kimetsunoyaiba:dice_steak_head_4":1,"minecraft:mutton":1,"minecraft:white_wool":1},"minecraft:custom":{"minecraft:time_since_rest":8356,"minecraft:sprint_one_cm":17371,"minecraft:damage_taken":4,"minecraft:walk_one_cm":26340,"minecraft:mob_kills":1,"minecraft:drop":12,"minecraft:damage_dealt":104,"minecraft:fly_one_cm":13562,"minecraft:play_one_minute":8356,"minecraft:sneak_time":18,"minecraft:walk_under_water_one_cm":86,"minecraft:jump":64,"minecraft:walk_on_water_one_cm":9303,"minecraft:time_since_death":8356,"minecraft:damage_resisted":1,"minecraft:fall_one_cm":998},"minecraft:crafted":{"minecraft:oak_planks":16}},"DataVersion":2586}