{"stats":{"minecraft:dropped":{"kimetsunoyaiba:dice_steak_head_4":1,"kimetsunoyaiba:dice_steak_head_1":1,"kimetsunoyaiba:dice_steak_body":2,"tombstone:grave_dust":2,"kimetsunoyaiba:nichirinswordmoon":1,"minecraft:feather":2,"kimetsunoyaiba:dice_steak_head_2":1,"kimetsunoyaiba:uniform_boots":2,"minecraft:arrow":2,"minecraft:string":2,"kimetsunoyaiba:dice_steak_leg":1},"minecraft:mined":{"minecraft:grass":3,"minecraft:grass_block":9,"minecraft:oak_log":4,"minecraft:dirt":1,"minecraft:tall_grass":1,"minecraft:spruce_leaves":2,"minecraft:sugar_cane":5,"minecraft:oak_leaves":3},"minecraft:killed":{"minecraft:sheep":1},"minecraft:crafted":{"minecraft:oak_planks":16,"minecraft:cooked_mutton":2,"minecraft:air":0},"minecraft:used":{"minecraft:cooked_mutton":2,"kimetsunoyaiba:nichirinswordmoon":14,"minecraft:chicken":1,"minecraft:spruce_sapling":1,"kimetsunoyaiba:human_flesh_2":2,"minecraft:dirt":8,"minecraft:mutton":1,"tombstone:gift":4},"minecraft:custom":{"minecraft:time_since_rest":8059,"minecraft:interact_with_furnace":3,"minecraft:sprint_one_cm":64224,"minecraft:damage_taken":393,"minecraft:walk_one_cm":110242,"minecraft:mob_kills":2,"minecraft:drop":16,"minecraft:damage_dealt":179,"minecraft:fly_one_cm":64203,"minecraft:play_one_minute":26462,"minecraft:deaths":1,"minecraft:sneak_time":18,"minecraft:walk_under_water_one_cm":86,"minecraft:damage_dealt_resisted":45,"minecraft:jump":483,"minecraft:leave_game":1,"minecraft:time_since_death":10324,"minecraft:walk_on_water_one_cm":14377,"minecraft:damage_resisted":123,"minecraft:fall_one_cm":6235},"minecraft:picked_up":{"kimetsunoyaiba:human_flesh_2":2,"minecraft:feather":2,"minecraft:chicken":1,"minecraft:wooden_pickaxe":3,"minecraft:oak_log":4,"kimetsunoyaiba:dice_steak_leg":1,"minecraft:spruce_sapling":1,"minecraft:dirt":8,"minecraft:string":3,"tombstone:gift":1,"kimetsunoyaiba:nichirinswordmoon":2,"minecraft:wooden_sword":1,"kimetsunoyaiba:dice_steak_head_2":1,"minecraft:bone":3,"minecraft:arrow":6,"create:copper_ore":1,"kimetsunoyaiba:uniform_boots":2,"minecraft:wheat_seeds":2,"kimetsunoyaiba:dice_steak_head_1":1,"kimetsunoyaiba:dice_steak_body":2,"kimetsunoyaiba:dice_steak_head_4":1,"minecraft:sugar_cane":6,"minecraft:mutton":1,"minecraft:white_wool":1}},"DataVersion":2586}