{"stats":{"minecraft:dropped":{"minecraft:dirt":1,"kimetsunoyaiba:dice_steak_head_4":1,"kimetsunoyaiba:dice_steak_head_1":1,"kimetsunoyaiba:dice_steak_body":2,"tombstone:grave_dust":2,"kimetsunoyaiba:nichirinswordmoon":1,"minecraft:feather":2,"kimetsunoyaiba:dice_steak_head_2":1,"kimetsunoyaiba:uniform_boots":2,"minecraft:arrow":2,"minecraft:wooden_pickaxe":1,"minecraft:beef":4,"minecraft:string":2,"kimetsunoyaiba:dice_steak_leg":1,"minecraft:bone":1},"minecraft:mined":{"minecraft:grass":4,"minecraft:grass_block":10,"minecraft:oak_log":4,"minecraft:dirt":1,"minecraft:tall_grass":1,"minecraft:spruce_leaves":14,"minecraft:sugar_cane":5,"minecraft:oak_leaves":3},"minecraft:killed":{"minecraft:sheep":1,"kimetsunoyaiba:kasugai_crow":1},"minecraft:crafted":{"minecraft:oak_planks":16,"minecraft:cooked_mutton":2,"minecraft:air":0},"minecraft:used":{"minecraft:cooked_mutton":2,"kimetsunoyaiba:nichirinswordmoon":23,"minecraft:chicken":1,"kimetsunoyaiba:boar_flesh":1,"minecraft:spruce_sapling":1,"kimetsunoyaiba:human_flesh_2":2,"minecraft:beef":6,"minecraft:dirt":9,"minecraft:mutton":2,"tombstone:gift":4},"minecraft:custom":{"minecraft:time_since_rest":20059,"minecraft:interact_with_furnace":3,"minecraft:sprint_one_cm":94543,"minecraft:damage_taken":477,"minecraft:walk_one_cm":152591,"minecraft:mob_kills":4,"minecraft:drop":23,"minecraft:damage_dealt":422,"minecraft:fly_one_cm":129434,"minecraft:play_one_minute":38462,"minecraft:deaths":1,"minecraft:sneak_time":18,"minecraft:walk_under_water_one_cm":86,"minecraft:damage_dealt_resisted":134,"minecraft:jump":801,"minecraft:leave_game":1,"minecraft:time_since_death":22324,"minecraft:walk_on_water_one_cm":14377,"minecraft:damage_resisted":179,"minecraft:fall_one_cm":24912},"minecraft:picked_up":{"kimetsunoyaiba:human_flesh_2":2,"minecraft:feather":2,"minecraft:chicken":1,"minecraft:leather":10,"minecraft:wooden_pickaxe":3,"minecraft:oak_log":4,"kimetsunoyaiba:dice_steak_leg":1,"minecraft:spruce_sapling":1,"minecraft:dirt":10,"minecraft:string":3,"tombstone:gift":1,"kimetsunoyaiba:nichirinswordmoon":2,"minecraft:wooden_sword":1,"kimetsunoyaiba:sabito_mask_helmet":1,"kimetsunoyaiba:dice_steak_head_2":1,"minecraft:bone":3,"minecraft:arrow":6,"create:copper_ore":1,"kimetsunoyaiba:uniform_boots":2,"minecraft:wheat_seeds":2,"kimetsunoyaiba:boar_flesh":1,"minecraft:beef":19,"kimetsunoyaiba:dice_steak_head_1":1,"kimetsunoyaiba:dice_steak_body":2,"kimetsunoyaiba:dice_steak_head_4":1,"minecraft:sugar_cane":6,"minecraft:mutton":2,"minecraft:white_wool":2}},"DataVersion":2586}