{"stats":{"minecraft:mined":{"minecraft:grass":5,"kimetsunoyaiba:cherry_blossoms":1},"minecraft:killed_by":{"kimetsunoyaiba:demon":1,"kimetsunoyaiba:demon_2":1},"minecraft:used":{"kimetsunoyaiba:nichirinsword_wind":21,"minecraft:dirt":1,"minecraft:potion":1,"alexsmobs:animal_dictionary":1},"minecraft:custom":{"minecraft:time_since_rest":1,"minecraft:play_one_minute":10788,"minecraft:crouch_one_cm":477,"minecraft:deaths":3,"minecraft:sprint_one_cm":72772,"minecraft:walk_one_cm":40222,"minecraft:damage_taken":640,"minecraft:sneak_time":98,"minecraft:walk_under_water_one_cm":2980,"minecraft:mob_kills":4,"minecraft:drop":1,"minecraft:damage_dealt_resisted":88,"minecraft:jump":273,"tombstone:raider_killed":1,"minecraft:damage_dealt":550,"minecraft:leave_game":1,"minecraft:time_since_death":134,"minecraft:walk_on_water_one_cm":15509,"minecraft:damage_resisted":148,"minecraft:swim_one_cm":3202,"minecraft:fall_one_cm":5727,"minecraft:fly_one_cm":77151},"minecraft:picked_up":{"minecraft:sugar":2,"minecraft:potion":1,"kimetsunoyaiba:nichirinsword_wind":1,"alexsmobs:maggot":2,"minecraft:gunpowder":2,"kimetsunoyaiba:cherry_blossoms":1,"minecraft:string":2,"minecraft:spider_eye":1,"minecraft:dirt":17},"minecraft:dropped":{"kimetsunoyaiba:nichirinsword_wind":1},"minecraft:killed":{"minecraft:witch":1}},"DataVersion":2586}