{"stats":{"minecraft:mined":{"minecraft:grass":1,"kimetsunoyaiba:cherry_blossoms":1},"minecraft:killed_by":{"kimetsunoyaiba:demon_2":1},"minecraft:used":{"kimetsunoyaiba:nichirinsword_wind":8,"minecraft:dirt":1,"minecraft:potion":1,"alexsmobs:animal_dictionary":1},"minecraft:custom":{"minecraft:time_since_rest":1,"minecraft:play_one_minute":4734,"minecraft:crouch_one_cm":477,"minecraft:deaths":1,"minecraft:sprint_one_cm":34366,"minecraft:walk_one_cm":17906,"minecraft:damage_taken":214,"minecraft:sneak_time":98,"minecraft:walk_under_water_one_cm":2752,"minecraft:mob_kills":2,"minecraft:damage_dealt_resisted":8,"minecraft:jump":124,"tombstone:raider_killed":1,"minecraft:damage_dealt":382,"minecraft:time_since_death":118,"minecraft:walk_on_water_one_cm":3546,"minecraft:damage_resisted":46,"minecraft:swim_one_cm":2696,"minecraft:fall_one_cm":3380,"minecraft:fly_one_cm":38081},"minecraft:picked_up":{"minecraft:sugar":2,"minecraft:potion":1,"minecraft:gunpowder":2,"kimetsunoyaiba:cherry_blossoms":1,"minecraft:string":2,"minecraft:spider_eye":1,"minecraft:dirt":17},"minecraft:killed":{"minecraft:witch":1}},"DataVersion":2586}