{"stats":{"minecraft:dropped":{"kimetsunoyaiba:nichirinsword_yoriichi":1},"minecraft:used":{"kimetsunoyaiba:yoriichi_spawn_egg":2,"kimetsunoyaiba:zohakuten_spawn_egg":1,"kimetsunoyaiba:hantengu_karaku_spawn_egg":1,"kimetsunoyaiba:demon_spawn_egg":1,"kimetsunoyaiba:enmu_spawn_egg":1,"kimetsunoyaiba:muzan_2_spawn_egg":1,"kimetsunoyaiba:hantengu_aizetsu_spawn_egg":2,"kimetsunoyaiba:hantengu_spawn_egg":1,"kimetsunoyaiba:akaza_spawn_egg":1,"kimetsunoyaiba:school_inosuke_spawn_egg":1,"kimetsunoyaiba:yorichi_0_spawn_egg":1,"kimetsunoyaiba:tanjiro_demon_spawn_egg":2,"kimetsunoyaiba:boar_flesh":1,"kimetsunoyaiba:sword_kokushibo_1":4,"kimetsunoyaiba:sword_kokushibo_2":6,"kimetsunoyaiba:muzanblood":3,"kimetsunoyaiba:nichirinsword_yoriichi":18,"kimetsunoyaiba:chair_red_spawn_egg":1,"kimetsunoyaiba:tanjiro_spawn_egg":1,"kimetsunoyaiba:demon_8_spawn_egg":1,"kimetsunoyaiba:school_zenitsu_spawn_egg":4,"kimetsunoyaiba:kokushibo_spawn_egg":1},"minecraft:killed":{"minecraft:zombie_villager":1,"kimetsunoyaiba:yorichi_0":1},"minecraft:custom":{"minecraft:time_since_rest":21000,"minecraft:sprint_one_cm":16007,"minecraft:walk_one_cm":38329,"minecraft:mob_kills":3,"minecraft:drop":1,"minecraft:damage_dealt":1313,"minecraft:fly_one_cm":213278,"minecraft:crouch_one_cm":373,"minecraft:play_one_minute":21000,"minecraft:sneak_time":417,"minecraft:walk_under_water_one_cm":249,"minecraft:jump":87,"minecraft:damage_dealt_resisted":548,"minecraft:leave_game":1,"minecraft:walk_on_water_one_cm":592,"minecraft:time_since_death":21000},"minecraft:picked_up":{"kimetsunoyaiba:clothes_kokushibo_chestplate":1,"kimetsunoyaiba:muzanblood":3,"kimetsunoyaiba:nichirinsword_yoriichi":1,"kimetsunoyaiba:sword_kokushibo_1":1,"minecraft:string":2,"kimetsunoyaiba:whistle":1,"minecraft:rotten_flesh":2,"kimetsunoyaiba:boar_flesh":1}},"DataVersion":2586}