{"stats":{"minecraft:crafted":{"minecraft:crafting_table":1,"minecraft:oak_boat":1,"minecraft:oak_planks":12},"minecraft:used":{"minecraft:oak_boat":1,"alexsmobs:animal_dictionary":2,"minecraft:crafting_table":1},"minecraft:mined":{"minecraft:oak_log":3},"minecraft:custom":{"minecraft:jump":100,"minecraft:time_since_rest":4936,"minecraft:damage_taken":30,"minecraft:play_one_minute":4936,"minecraft:sprint_one_cm":10153,"minecraft:walk_on_water_one_cm":680,"minecraft:time_since_death":4936,"minecraft:walk_one_cm":2231,"minecraft:walk_under_water_one_cm":108,"minecraft:boat_one_cm":78935,"minecraft:interact_with_crafting_table":1,"minecraft:swim_one_cm":465,"minecraft:fall_one_cm":2415,"minecraft:fly_one_cm":23772},"minecraft:picked_up":{"minecraft:oak_log":3}},"DataVersion":2586}