{"stats":{"minecraft:dropped":{"kimetsunoyaiba:medicine_human_return":1,"kimetsunoyaiba:nichirinsword_yoriichi":1},"minecraft:used":{"kimetsunoyaiba:yoriichi_spawn_egg":2,"kimetsunoyaiba:zohakuten_spawn_egg":1,"kimetsunoyaiba:hantengu_karaku_spawn_egg":1,"kimetsunoyaiba:blooddemonart_nakime":1,"kimetsunoyaiba:demon_spawn_egg":1,"kimetsunoyaiba:enmu_spawn_egg":1,"kimetsunoyaiba:muzan_2_spawn_egg":1,"kimetsunoyaiba:hantengu_aizetsu_spawn_egg":2,"kimetsunoyaiba:hantengu_spawn_egg":1,"kimetsunoyaiba:akaza_spawn_egg":1,"kimetsunoyaiba:school_inosuke_spawn_egg":1,"kimetsunoyaiba:yorichi_0_spawn_egg":1,"kimetsunoyaiba:tanjiro_demon_spawn_egg":2,"kimetsunoyaiba:sword_kokushibo_2":6,"kimetsunoyaiba:sword_kokushibo_1":4,"kimetsunoyaiba:boar_flesh":1,"kimetsunoyaiba:muzanblood":14,"kimetsunoyaiba:nichirinsword_yoriichi":18,"kimetsunoyaiba:chair_red_spawn_egg":1,"kimetsunoyaiba:medicine_holder":1,"kimetsunoyaiba:ramune":1,"kimetsunoyaiba:tanjiro_spawn_egg":1,"kimetsunoyaiba:demon_8_spawn_egg":1,"kimetsunoyaiba:school_zenitsu_spawn_egg":4,"kimetsunoyaiba:kokushibo_spawn_egg":1},"minecraft:killed":{"minecraft:sheep":1,"minecraft:zombie_villager":1,"kimetsunoyaiba:yorichi_0":1},"minecraft:custom":{"minecraft:time_since_rest":26777,"minecraft:sprint_one_cm":21868,"minecraft:walk_one_cm":51236,"minecraft:mob_kills":4,"minecraft:drop":2,"minecraft:damage_dealt":1409,"minecraft:fly_one_cm":243923,"minecraft:play_one_minute":26777,"minecraft:crouch_one_cm":768,"minecraft:sneak_time":565,"minecraft:walk_under_water_one_cm":1946,"minecraft:jump":117,"minecraft:damage_dealt_resisted":552,"minecraft:leave_game":1,"minecraft:time_since_death":26777,"minecraft:walk_on_water_one_cm":5173},"minecraft:picked_up":{"kimetsunoyaiba:clothes_kokushibo_chestplate":1,"kimetsunoyaiba:muzanblood":3,"kimetsunoyaiba:nichirinsword_yoriichi":1,"minecraft:cornflower":1,"kimetsunoyaiba:sword_kokushibo_1":1,"minecraft:string":2,"kimetsunoyaiba:whistle":1,"minecraft:rotten_flesh":2,"kimetsunoyaiba:medicine_human_return":1,"minecraft:wheat_seeds":3,"kimetsunoyaiba:boar_flesh":1,"minecraft:gray_wool":1,"minecraft:poppy":1,"minecraft:mutton":1}},"DataVersion":2586}