{"stats":{"minecraft:dropped":{"kimetsunoyaiba:nichirinsword_yoriichi":1},"minecraft:used":{"kimetsunoyaiba:akaza_spawn_egg":1,"kimetsunoyaiba:tanjiro_demon_spawn_egg":1,"kimetsunoyaiba:boar_flesh":1},"minecraft:custom":{"minecraft:jump":35,"minecraft:time_since_rest":5825,"minecraft:crouch_one_cm":74,"minecraft:play_one_minute":5825,"minecraft:sprint_one_cm":8309,"minecraft:walk_on_water_one_cm":592,"minecraft:time_since_death":5825,"minecraft:walk_one_cm":6260,"minecraft:sneak_time":75,"minecraft:walk_under_water_one_cm":249,"minecraft:drop":1,"minecraft:fly_one_cm":48597},"minecraft:picked_up":{"kimetsunoyaiba:boar_flesh":1,"kimetsunoyaiba:nichirinsword_yoriichi":1}},"DataVersion":2586}