{"stats":{"minecraft:custom":{"minecraft:mob_kills":20,"minecraft:inspect_hopper":1,"minecraft:interact_with_crafting_table":6,"minecraft:play_one_minute":73794,"minecraft:damage_dealt_resisted":765,"minecraft:leave_game":4,"minecraft:time_since_death":7280,"minecraft:climb_one_cm":553,"minecraft:damage_resisted":417,"minecraft:time_since_rest":5660,"minecraft:sprint_one_cm":254687,"minecraft:damage_taken":1508,"minecraft:walk_one_cm":202690,"minecraft:drop":13,"minecraft:damage_dealt":2884,"minecraft:swim_one_cm":5286,"minecraft:fly_one_cm":153942,"minecraft:open_chest":3,"minecraft:crouch_one_cm":491,"tombstone:undead_killed":1,"minecraft:deaths":5,"minecraft:sneak_time":291,"minecraft:walk_under_water_one_cm":5307,"minecraft:interact_with_brewingstand":1,"minecraft:jump":1002,"minecraft:walk_on_water_one_cm":19942,"minecraft:fall_one_cm":31327},"minecraft:killed_by":{"kimetsunoyaiba:demon_slayer":1,"kimetsunoyaiba:hantengu_aizetsu":1,"kimetsunoyaiba:demon_4":1},"minecraft:killed":{"kimetsunoyaiba:demon":1,"kimetsunoyaiba:demon_slayer":1,"kimetsunoyaiba:boar":1,"minecraft:skeleton":1,"kimetsunoyaiba:yushiro":1,"minecraft:llama":1,"minecraft:cow":1},"minecraft:crafted":{"minecraft:crafting_table":1,"minecraft:wooden_pickaxe":2,"minecraft:birch_planks":24,"minecraft:stone_axe":1,"minecraft:stick":8,"minecraft:stone_pickaxe":1},"minecraft:used":{"minecraft:birch_planks":10,"minecraft:poppy":1,"minecraft:wooden_pickaxe":7,"kimetsunoyaiba:human_flesh_2":3,"minecraft:rotten_flesh":2,"minecraft:dirt":17,"minecraft:crafting_table":1,"kimetsunoyaiba:nichirinswordmoon":22,"kimetsunoyaiba:nichirinsword_black":80,"kimetsunoyaiba:boar_flesh":1,"kimetsunoyaiba:muzanblood":3,"minecraft:stone_axe":6,"minecraft:cobblestone":2,"minecraft:potion":2,"minecraft:beef":1,"tombstone:gift":2,"alexsmobs:animal_dictionary":3},"minecraft:mined":{"minecraft:dark_oak_planks":4,"minecraft:grass_block":10,"minecraft:birch_slab":1,"minecraft:spruce_leaves":7,"minecraft:birch_log":6,"minecraft:lilac":2,"minecraft:birch_leaves":1,"minecraft:grass":13,"minecraft:sunflower":1,"minecraft:dirt":5,"minecraft:stone":7},"minecraft:dropped":{"minecraft:rotten_flesh":2,"kimetsunoyaiba:uniform_chestplate":3,"kimetsunoyaiba:uniform_boots":1,"kimetsunoyaiba:human_flesh_2":1,"kimetsunoyaiba:nichirinswordmoon":1,"minecraft:arrow":2,"minecraft:bone":3},"minecraft:picked_up":{"kimetsunoyaiba:human_flesh_2":4,"minecraft:birch_log":6,"minecraft:lilac":2,"minecraft:leather":5,"minecraft:lead":1,"kimetsunoyaiba:uniform_chestplate":3,"minecraft:string":4,"minecraft:dirt":17,"minecraft:bone":6,"minecraft:wheat_seeds":1,"minecraft:beef":1,"minecraft:poppy":1,"minecraft:chest":1,"minecraft:dark_oak_planks":4,"minecraft:arrow":4,"minecraft:rotten_flesh":5,"kimetsunoyaiba:uniform_boots":1,"kimetsunoyaiba:boar_flesh":1,"kimetsunoyaiba:demon_hand":1,"alexsmobs:maggot":4,"kimetsunoyaiba:nichirinsword":1,"minecraft:cobblestone":10,"minecraft:sunflower":2}},"DataVersion":2586}