{"stats":{"minecraft:mined":{"minecraft:dark_oak_planks":4,"minecraft:grass_block":15,"minecraft:birch_slab":1,"minecraft:spruce_leaves":7,"minecraft:oxeye_daisy":2,"minecraft:furnace":2,"minecraft:iron_ore":13,"create:copper_ore":1,"minecraft:azure_bluet":1,"minecraft:stone":18,"create:limestone":2,"minecraft:crafting_table":2,"minecraft:cornflower":1,"minecraft:tall_grass":2,"minecraft:seagrass":1,"minecraft:birch_log":11,"minecraft:lilac":2,"minecraft:birch_leaves":3,"minecraft:grass":36,"minecraft:coal_ore":17,"minecraft:sunflower":11,"minecraft:dirt":6},"minecraft:killed_by":{"kimetsunoyaiba:demon_slayer":1,"kimetsunoyaiba:akaza":1,"kimetsunoyaiba:daki":1,"kimetsunoyaiba:hantengu_aizetsu":1,"kimetsunoyaiba:demon_4":1},"minecraft:used":{"minecraft:poppy":1,"minecraft:rotten_flesh":2,"minecraft:torch":10,"minecraft:dirt":18,"kimetsunoyaiba:nichirinswordmoon":22,"kimetsunoyaiba:boar_flesh":1,"kimetsunoyaiba:muzanblood":3,"minecraft:beef":1,"minecraft:furnace":2,"tombstone:gift":4,"minecraft:cooked_beef":5,"minecraft:cooked_mutton":1,"minecraft:birch_planks":10,"minecraft:stone_pickaxe":44,"minecraft:wooden_pickaxe":7,"kimetsunoyaiba:human_flesh_2":4,"minecraft:crafting_table":3,"kimetsunoyaiba:demon_hand":18,"minecraft:lever":2,"minecraft:iron_pickaxe":2,"kimetsunoyaiba:nichirinsword_black":157,"minecraft:stone_axe":16,"minecraft:cobblestone":2,"minecraft:potion":2,"alexsmobs:animal_dictionary":4},"minecraft:crafted":{"minecraft:yellow_wool":6,"minecraft:furnace":1,"minecraft:cooked_mutton":3,"minecraft:stone_pickaxe":1,"minecraft:cooked_beef":6,"minecraft:crafting_table":2,"minecraft:wooden_pickaxe":2,"minecraft:birch_planks":44,"minecraft:stone_axe":1,"minecraft:blue_dye":1,"kimetsunoyaiba:uniform_muichiro_chestplate":1,"minecraft:yellow_dye":10,"minecraft:stick":20,"minecraft:iron_ingot":12,"minecraft:iron_pickaxe":1,"minecraft:light_gray_dye":2,"minecraft:torch":20},"minecraft:custom":{"minecraft:mob_kills":41,"minecraft:inspect_hopper":1,"minecraft:interact_with_crafting_table":10,"minecraft:damage_dealt_resisted":1462,"minecraft:leave_game":7,"minecraft:time_since_death":6320,"minecraft:climb_one_cm":1045,"minecraft:damage_resisted":1273,"minecraft:sprint_one_cm":413896,"minecraft:walk_one_cm":386823,"minecraft:drop":64,"minecraft:talked_to_villager":1,"minecraft:deaths":8,"minecraft:sneak_time":841,"minecraft:walk_under_water_one_cm":7637,"minecraft:jump":1869,"minecraft:interact_with_brewingstand":1,"minecraft:walk_on_water_one_cm":45268,"minecraft:interact_with_furnace":12,"minecraft:play_one_minute":135192,"minecraft:time_since_rest":4103,"minecraft:damage_taken":2790,"tombstone:sneak_grave":1,"minecraft:damage_dealt":5882,"minecraft:swim_one_cm":7986,"minecraft:fly_one_cm":309492,"minecraft:open_chest":4,"minecraft:crouch_one_cm":1563,"tombstone:undead_killed":3,"minecraft:interact_with_smoker":1,"minecraft:fall_one_cm":61758},"minecraft:picked_up":{"minecraft:crafting_table":2,"minecraft:azure_bluet":1,"minecraft:lead":1,"create:limestone_cobblestone":2,"minecraft:cornflower":1,"minecraft:string":4,"kimetsunoyaiba:dice_steak_head_2":1,"minecraft:beef":7,"minecraft:poppy":1,"alexsmobs:raccoon_tail":3,"minecraft:chest":1,"minecraft:birch_sapling":2,"minecraft:furnace":2,"kimetsunoyaiba:nichirinsword_black":1,"minecraft:dark_oak_planks":4,"kimetsunoyaiba:d_ice_steak_head_3":1,"minecraft:arrow":7,"minecraft:rotten_flesh":9,"kimetsunoyaiba:boar_flesh":1,"kimetsunoyaiba:dice_steak_head_1":1,"kimetsunoyaiba:demon_hand":6,"kimetsunoyaiba:tatami_2":4,"minecraft:mutton":7,"minecraft:white_wool":6,"minecraft:cobblestone":21,"minecraft:oxeye_daisy":2,"kimetsunoyaiba:human_flesh_2":5,"minecraft:birch_log":11,"minecraft:lilac":2,"minecraft:leather":11,"kimetsunoyaiba:dice_steak_leg":2,"minecraft:gunpowder":1,"kimetsunoyaiba:uniform_chestplate":3,"minecraft:dirt":22,"minecraft:bone":10,"create:copper_ore":1,"minecraft:wheat_seeds":3,"minecraft:iron_ore":12,"minecraft:gravel":4,"minecraft:loom":1,"kimetsunoyaiba:uniform_boots":1,"minecraft:lever":2,"kimetsunoyaiba:nichirinsword":1,"alexsmobs:maggot":4,"minecraft:coal":26,"minecraft:sunflower":10},"minecraft:dropped":{"minecraft:wheat_seeds":2,"minecraft:cooked_beef":1,"minecraft:lilac":2,"minecraft:loom":1,"create:copper_ore":1,"kimetsunoyaiba:dice_steak_head_1":1,"kimetsunoyaiba:dice_steak_head_2":1,"kimetsunoyaiba:dice_steak_leg":2,"minecraft:oxeye_daisy":1,"minecraft:dirt":2,"kimetsunoyaiba:human_flesh_2":1,"minecraft:blue_dye":1,"tombstone:grave_key":1,"kimetsunoyaiba:demon_hand":5,"tombstone:grave_dust":1,"minecraft:sunflower":2,"minecraft:string":2,"create:limestone_cobblestone":2,"alexsmobs:raccoon_tail":2,"minecraft:bone":4,"minecraft:gravel":4,"kimetsunoyaiba:d_ice_steak_head_3":1,"alexsmobs:maggot":4,"kimetsunoyaiba:nichirinsword_black":1,"minecraft:yellow_wool":2,"minecraft:rotten_flesh":7,"kimetsunoyaiba:uniform_chestplate":3,"kimetsunoyaiba:uniform_boots":1,"minecraft:gunpowder":2,"kimetsunoyaiba:tatami_2":4,"minecraft:chest":1,"kimetsunoyaiba:nichirinswordmoon":1,"minecraft:light_gray_dye":2,"minecraft:arrow":2,"minecraft:wooden_pickaxe":2},"minecraft:killed":{"alexsmobs:hummingbird":1,"alexsmobs:raccoon":2,"kimetsunoyaiba:demon_slayer":1,"minecraft:skeleton":2,"kimetsunoyaiba:muscular_mouse":1,"minecraft:llama":1,"kimetsunoyaiba:demon":1,"kimetsunoyaiba:demon_2":1,"kimetsunoyaiba:boar":1,"minecraft:sheep":5,"kimetsunoyaiba:kasugai_crow":2,"minecraft:zombie":1,"kimetsunoyaiba:yushiro":1,"minecraft:cow":3}},"DataVersion":2586}