{"stats":{"minecraft:used":{"alexsmobs:animal_dictionary":3},"minecraft:picked_up":{"minecraft:dirt":1},"minecraft:custom":{"minecraft:jump":95,"minecraft:time_since_rest":4599,"minecraft:damage_dealt":26,"minecraft:play_one_minute":4599,"minecraft:leave_game":1,"minecraft:sprint_one_cm":9951,"minecraft:time_since_death":4599,"minecraft:walk_one_cm":11069,"minecraft:sneak_time":27,"minecraft:interact_with_crafting_table":1,"minecraft:fall_one_cm":836,"minecraft:fly_one_cm":6574}},"DataVersion":2586}