{"stats":{"minecraft:mined":{"minecraft:birch_log":6,"minecraft:stone":7,"minecraft:birch_leaves":1},"minecraft:used":{"minecraft:crafting_table":1,"kimetsunoyaiba:nichirinswordmoon":5,"alexsmobs:animal_dictionary":3,"minecraft:wooden_pickaxe":7},"minecraft:killed":{"minecraft:skeleton":1,"minecraft:llama":1},"minecraft:dropped":{"minecraft:rotten_flesh":2,"minecraft:arrow":2,"minecraft:bone":3},"minecraft:picked_up":{"minecraft:birch_log":6,"minecraft:arrow":2,"minecraft:bone":3,"minecraft:rotten_flesh":2,"minecraft:leather":2,"minecraft:dirt":1,"minecraft:cobblestone":8},"minecraft:crafted":{"minecraft:birch_planks":24,"minecraft:stone_axe":1,"minecraft:crafting_table":1,"minecraft:stick":8,"minecraft:stone_pickaxe":1,"minecraft:wooden_pickaxe":2},"minecraft:custom":{"minecraft:time_since_rest":1,"minecraft:crouch_one_cm":3,"minecraft:play_one_minute":16599,"minecraft:deaths":1,"tombstone:undead_killed":1,"minecraft:sprint_one_cm":32928,"minecraft:damage_taken":167,"minecraft:walk_one_cm":41364,"minecraft:sneak_time":40,"minecraft:mob_kills":3,"minecraft:drop":7,"minecraft:damage_dealt_resisted":58,"minecraft:jump":228,"minecraft:damage_dealt":374,"minecraft:walk_on_water_one_cm":6,"minecraft:leave_game":1,"minecraft:time_since_death":459,"minecraft:damage_resisted":40,"minecraft:fall_one_cm":5373,"minecraft:interact_with_crafting_table":4,"minecraft:fly_one_cm":34506}},"DataVersion":2586}