{"stats":{"minecraft:killed_by":{"kimetsunoyaiba:demon_slayer":1,"kimetsunoyaiba:hantengu_aizetsu":1},"minecraft:used":{"kimetsunoyaiba:nichirinswordmoon":22,"minecraft:poppy":1,"kimetsunoyaiba:nichirinsword_black":26,"minecraft:wooden_pickaxe":7,"kimetsunoyaiba:human_flesh_2":1,"kimetsunoyaiba:muzanblood":3,"minecraft:stone_axe":6,"minecraft:dirt":6,"minecraft:potion":2,"minecraft:beef":1,"minecraft:crafting_table":1,"tombstone:gift":2,"alexsmobs:animal_dictionary":3},"minecraft:mined":{"minecraft:dark_oak_planks":4,"minecraft:birch_log":6,"minecraft:birch_leaves":1,"minecraft:grass":5,"minecraft:grass_block":7,"minecraft:dirt":4,"minecraft:birch_slab":1,"minecraft:stone":7},"minecraft:dropped":{"kimetsunoyaiba:human_flesh_2":1,"kimetsunoyaiba:uniform_chestplate":3,"kimetsunoyaiba:nichirinswordmoon":1,"minecraft:rotten_flesh":2,"kimetsunoyaiba:uniform_boots":1,"minecraft:arrow":2,"minecraft:bone":3},"minecraft:killed":{"kimetsunoyaiba:demon":1,"minecraft:skeleton":1,"kimetsunoyaiba:yushiro":1,"minecraft:llama":1,"kimetsunoyaiba:demon_slayer":1,"minecraft:cow":1},"minecraft:picked_up":{"minecraft:birch_log":6,"minecraft:leather":5,"kimetsunoyaiba:uniform_chestplate":3,"minecraft:string":2,"minecraft:dirt":12,"minecraft:dark_oak_planks":4,"minecraft:bone":5,"minecraft:arrow":4,"minecraft:rotten_flesh":4,"kimetsunoyaiba:uniform_boots":1,"minecraft:wheat_seeds":1,"minecraft:beef":1,"minecraft:poppy":1,"kimetsunoyaiba:nichirinsword":1,"minecraft:cobblestone":10,"kimetsunoyaiba:human_flesh_2":2},"minecraft:crafted":{"minecraft:crafting_table":1,"minecraft:stick":8,"minecraft:wooden_pickaxe":2,"minecraft:stone_pickaxe":1,"minecraft:birch_planks":24,"minecraft:stone_axe":1},"minecraft:custom":{"minecraft:time_since_rest":5120,"minecraft:sprint_one_cm":155631,"minecraft:damage_taken":987,"minecraft:walk_one_cm":128358,"minecraft:mob_kills":12,"minecraft:drop":13,"minecraft:inspect_hopper":1,"minecraft:damage_dealt":1237,"minecraft:swim_one_cm":77,"minecraft:interact_with_crafting_table":6,"minecraft:fly_one_cm":108750,"minecraft:open_chest":3,"minecraft:play_one_minute":40148,"minecraft:crouch_one_cm":82,"tombstone:undead_killed":1,"minecraft:deaths":3,"minecraft:sneak_time":160,"minecraft:walk_under_water_one_cm":3360,"minecraft:jump":694,"minecraft:damage_dealt_resisted":238,"minecraft:interact_with_brewingstand":1,"minecraft:time_since_death":5557,"minecraft:leave_game":2,"minecraft:walk_on_water_one_cm":8132,"minecraft:climb_one_cm":553,"minecraft:damage_resisted":240,"minecraft:fall_one_cm":16662}},"DataVersion":2586}