{"stats":{"minecraft:used":{"minecraft:birch_planks":10,"minecraft:stone_pickaxe":21,"minecraft:poppy":1,"minecraft:wooden_pickaxe":7,"kimetsunoyaiba:human_flesh_2":3,"minecraft:rotten_flesh":2,"minecraft:dirt":18,"minecraft:crafting_table":1,"kimetsunoyaiba:demon_hand":15,"kimetsunoyaiba:nichirinswordmoon":22,"kimetsunoyaiba:nichirinsword_black":82,"kimetsunoyaiba:boar_flesh":1,"kimetsunoyaiba:muzanblood":3,"minecraft:stone_axe":6,"minecraft:potion":2,"minecraft:cobblestone":2,"minecraft:beef":1,"tombstone:gift":2,"alexsmobs:animal_dictionary":4},"minecraft:mined":{"minecraft:dark_oak_planks":4,"minecraft:grass_block":11,"minecraft:birch_slab":1,"minecraft:spruce_leaves":7,"minecraft:birch_log":6,"minecraft:lilac":2,"minecraft:birch_leaves":1,"minecraft:grass":16,"minecraft:coal_ore":13,"minecraft:sunflower":1,"minecraft:dirt":5,"minecraft:stone":15},"minecraft:dropped":{"minecraft:rotten_flesh":2,"kimetsunoyaiba:uniform_chestplate":3,"kimetsunoyaiba:uniform_boots":1,"kimetsunoyaiba:human_flesh_2":1,"kimetsunoyaiba:nichirinswordmoon":1,"minecraft:arrow":2,"minecraft:bone":3},"minecraft:killed":{"kimetsunoyaiba:demon":1,"alexsmobs:hummingbird":1,"alexsmobs:raccoon":2,"kimetsunoyaiba:demon_slayer":1,"kimetsunoyaiba:boar":1,"minecraft:skeleton":2,"kimetsunoyaiba:kasugai_crow":1,"minecraft:zombie":1,"kimetsunoyaiba:muscular_mouse":1,"kimetsunoyaiba:yushiro":1,"minecraft:llama":1,"minecraft:cow":3},"minecraft:custom":{"minecraft:mob_kills":30,"minecraft:inspect_hopper":1,"minecraft:interact_with_crafting_table":6,"minecraft:play_one_minute":85283,"minecraft:damage_dealt_resisted":765,"minecraft:leave_game":4,"minecraft:time_since_death":18769,"minecraft:climb_one_cm":553,"minecraft:damage_resisted":429,"minecraft:time_since_rest":17149,"minecraft:sprint_one_cm":266402,"minecraft:damage_taken":1527,"minecraft:walk_one_cm":224091,"minecraft:drop":13,"minecraft:damage_dealt":3692,"minecraft:swim_one_cm":5286,"minecraft:fly_one_cm":161181,"minecraft:open_chest":3,"minecraft:crouch_one_cm":1556,"tombstone:undead_killed":3,"minecraft:deaths":5,"minecraft:sneak_time":785,"minecraft:walk_under_water_one_cm":5307,"minecraft:jump":1117,"minecraft:interact_with_brewingstand":1,"minecraft:walk_on_water_one_cm":20349,"minecraft:fall_one_cm":37177},"minecraft:picked_up":{"kimetsunoyaiba:human_flesh_2":4,"minecraft:birch_log":6,"minecraft:lilac":2,"minecraft:leather":11,"minecraft:lead":1,"kimetsunoyaiba:uniform_chestplate":3,"minecraft:string":4,"minecraft:dirt":18,"minecraft:bone":8,"minecraft:wheat_seeds":1,"minecraft:beef":7,"minecraft:poppy":1,"alexsmobs:raccoon_tail":2,"minecraft:chest":1,"minecraft:dark_oak_planks":4,"minecraft:arrow":6,"minecraft:rotten_flesh":7,"kimetsunoyaiba:uniform_boots":1,"kimetsunoyaiba:boar_flesh":1,"kimetsunoyaiba:demon_hand":1,"alexsmobs:maggot":4,"kimetsunoyaiba:nichirinsword":1,"minecraft:mutton":1,"minecraft:coal":13,"minecraft:white_wool":1,"minecraft:cobblestone":17,"minecraft:sunflower":2},"minecraft:killed_by":{"kimetsunoyaiba:demon_slayer":1,"kimetsunoyaiba:hantengu_aizetsu":1,"kimetsunoyaiba:demon_4":1},"minecraft:crafted":{"minecraft:crafting_table":1,"minecraft:wooden_pickaxe":2,"minecraft:birch_planks":24,"minecraft:stone_axe":1,"minecraft:stick":16,"minecraft:stone_pickaxe":1,"minecraft:torch":16}},"DataVersion":2586}