{"stats":{"minecraft:used":{"minecraft:birch_planks":10,"minecraft:stone_pickaxe":44,"minecraft:poppy":1,"minecraft:wooden_pickaxe":7,"kimetsunoyaiba:human_flesh_2":3,"minecraft:rotten_flesh":2,"minecraft:torch":10,"minecraft:dirt":18,"minecraft:crafting_table":2,"kimetsunoyaiba:demon_hand":15,"kimetsunoyaiba:nichirinswordmoon":22,"minecraft:iron_pickaxe":1,"kimetsunoyaiba:nichirinsword_black":92,"kimetsunoyaiba:boar_flesh":1,"kimetsunoyaiba:muzanblood":3,"minecraft:stone_axe":14,"minecraft:potion":2,"minecraft:cobblestone":2,"minecraft:beef":1,"minecraft:furnace":1,"tombstone:gift":2,"alexsmobs:animal_dictionary":4},"minecraft:mined":{"minecraft:dark_oak_planks":4,"minecraft:crafting_table":1,"minecraft:grass_block":11,"minecraft:tall_grass":1,"minecraft:birch_slab":1,"minecraft:spruce_leaves":7,"minecraft:furnace":1,"minecraft:birch_log":11,"minecraft:iron_ore":13,"minecraft:lilac":2,"minecraft:birch_leaves":3,"create:copper_ore":1,"minecraft:grass":17,"minecraft:coal_ore":17,"minecraft:sunflower":8,"minecraft:dirt":5,"minecraft:stone":18,"create:limestone":2},"minecraft:killed":{"kimetsunoyaiba:demon":1,"alexsmobs:hummingbird":1,"alexsmobs:raccoon":2,"kimetsunoyaiba:demon_slayer":1,"kimetsunoyaiba:boar":1,"minecraft:sheep":1,"minecraft:skeleton":2,"kimetsunoyaiba:kasugai_crow":1,"minecraft:zombie":1,"kimetsunoyaiba:muscular_mouse":1,"kimetsunoyaiba:yushiro":1,"minecraft:llama":1,"minecraft:cow":3},"minecraft:dropped":{"minecraft:gravel":4,"minecraft:wheat_seeds":1,"minecraft:lilac":2,"minecraft:rotten_flesh":2,"kimetsunoyaiba:uniform_chestplate":3,"kimetsunoyaiba:uniform_boots":1,"kimetsunoyaiba:human_flesh_2":1,"kimetsunoyaiba:nichirinswordmoon":1,"minecraft:sunflower":2,"minecraft:arrow":2,"create:limestone_cobblestone":2,"minecraft:bone":3},"minecraft:custom":{"minecraft:interact_with_furnace":8,"minecraft:mob_kills":31,"minecraft:inspect_hopper":1,"minecraft:interact_with_crafting_table":8,"minecraft:play_one_minute":97283,"minecraft:damage_dealt_resisted":765,"minecraft:leave_game":4,"minecraft:time_since_death":30769,"minecraft:climb_one_cm":553,"minecraft:damage_resisted":437,"minecraft:time_since_rest":29149,"minecraft:sprint_one_cm":273810,"minecraft:damage_taken":1539,"minecraft:walk_one_cm":244677,"minecraft:drop":21,"minecraft:damage_dealt":3772,"minecraft:swim_one_cm":5286,"minecraft:fly_one_cm":171676,"minecraft:open_chest":3,"minecraft:crouch_one_cm":1556,"tombstone:undead_killed":3,"minecraft:deaths":5,"minecraft:sneak_time":785,"minecraft:walk_under_water_one_cm":5307,"minecraft:jump":1214,"minecraft:interact_with_brewingstand":1,"minecraft:walk_on_water_one_cm":20349,"minecraft:fall_one_cm":40728},"minecraft:picked_up":{"kimetsunoyaiba:human_flesh_2":4,"minecraft:birch_log":11,"minecraft:crafting_table":1,"minecraft:lilac":2,"minecraft:leather":11,"minecraft:lead":1,"create:limestone_cobblestone":2,"kimetsunoyaiba:uniform_chestplate":3,"minecraft:string":4,"minecraft:dirt":18,"minecraft:bone":10,"create:copper_ore":1,"minecraft:wheat_seeds":1,"minecraft:beef":7,"minecraft:iron_ore":12,"minecraft:poppy":1,"alexsmobs:raccoon_tail":2,"minecraft:chest":1,"minecraft:birch_sapling":2,"minecraft:furnace":1,"minecraft:gravel":4,"minecraft:dark_oak_planks":4,"minecraft:arrow":7,"minecraft:rotten_flesh":7,"kimetsunoyaiba:uniform_boots":1,"kimetsunoyaiba:boar_flesh":1,"kimetsunoyaiba:demon_hand":1,"alexsmobs:maggot":4,"kimetsunoyaiba:nichirinsword":1,"minecraft:mutton":3,"minecraft:coal":21,"minecraft:white_wool":2,"minecraft:cobblestone":21,"minecraft:sunflower":4},"minecraft:killed_by":{"kimetsunoyaiba:demon_slayer":1,"kimetsunoyaiba:hantengu_aizetsu":1,"kimetsunoyaiba:demon_4":1},"minecraft:crafted":{"minecraft:crafting_table":2,"minecraft:wooden_pickaxe":2,"minecraft:furnace":1,"minecraft:birch_planks":44,"minecraft:stone_axe":1,"minecraft:cooked_mutton":1,"minecraft:stick":20,"minecraft:iron_pickaxe":1,"minecraft:iron_ingot":12,"minecraft:stone_pickaxe":1,"minecraft:torch":20,"minecraft:cooked_beef":6}},"DataVersion":2586}