{"stats":{"minecraft:killed_by":{"kimetsunoyaiba:hantengu_aizetsu":1},"minecraft:used":{"kimetsunoyaiba:nichirinswordmoon":21,"minecraft:poppy":1,"minecraft:wooden_pickaxe":7,"kimetsunoyaiba:muzanblood":3,"minecraft:stone_axe":5,"minecraft:beef":1,"minecraft:crafting_table":1,"tombstone:gift":2,"alexsmobs:animal_dictionary":3},"minecraft:mined":{"minecraft:dark_oak_planks":4,"minecraft:birch_log":6,"minecraft:birch_leaves":1,"minecraft:grass":1,"minecraft:birch_slab":1,"minecraft:stone":7},"minecraft:dropped":{"minecraft:rotten_flesh":2,"minecraft:arrow":2,"minecraft:bone":3},"minecraft:killed":{"kimetsunoyaiba:demon":1,"minecraft:skeleton":1,"kimetsunoyaiba:yushiro":1,"minecraft:llama":1,"minecraft:cow":1},"minecraft:picked_up":{"minecraft:birch_log":6,"minecraft:leather":5,"minecraft:string":2,"minecraft:dirt":1,"minecraft:dark_oak_planks":4,"minecraft:bone":5,"minecraft:arrow":4,"minecraft:rotten_flesh":4,"minecraft:beef":1,"minecraft:poppy":1,"minecraft:cobblestone":10},"minecraft:crafted":{"minecraft:crafting_table":1,"minecraft:stick":8,"minecraft:wooden_pickaxe":2,"minecraft:stone_pickaxe":1,"minecraft:birch_planks":24,"minecraft:stone_axe":1},"minecraft:custom":{"minecraft:time_since_rest":6831,"minecraft:sprint_one_cm":88520,"minecraft:damage_taken":451,"minecraft:walk_one_cm":84144,"minecraft:mob_kills":8,"minecraft:drop":7,"minecraft:inspect_hopper":1,"minecraft:damage_dealt":999,"minecraft:interact_with_crafting_table":6,"minecraft:fly_one_cm":64653,"minecraft:open_chest":3,"minecraft:play_one_minute":28599,"minecraft:crouch_one_cm":3,"tombstone:undead_killed":1,"minecraft:deaths":2,"minecraft:sneak_time":71,"minecraft:walk_under_water_one_cm":204,"minecraft:jump":408,"minecraft:damage_dealt_resisted":164,"minecraft:interact_with_brewingstand":1,"minecraft:time_since_death":8648,"minecraft:leave_game":1,"minecraft:walk_on_water_one_cm":3871,"minecraft:climb_one_cm":553,"minecraft:damage_resisted":110,"minecraft:fall_one_cm":7881}},"DataVersion":2586}