{"stats":{"minecraft:used":{"minecraft:cooked_mutton":1,"minecraft:birch_planks":10,"minecraft:stone_pickaxe":44,"minecraft:poppy":1,"minecraft:wooden_pickaxe":7,"kimetsunoyaiba:human_flesh_2":3,"minecraft:rotten_flesh":2,"minecraft:torch":10,"minecraft:dirt":18,"minecraft:crafting_table":3,"kimetsunoyaiba:demon_hand":18,"minecraft:lever":2,"kimetsunoyaiba:nichirinswordmoon":22,"minecraft:iron_pickaxe":1,"kimetsunoyaiba:nichirinsword_black":122,"kimetsunoyaiba:boar_flesh":1,"kimetsunoyaiba:muzanblood":3,"minecraft:stone_axe":16,"minecraft:potion":2,"minecraft:cobblestone":2,"minecraft:beef":1,"minecraft:furnace":1,"tombstone:gift":2,"alexsmobs:animal_dictionary":4,"minecraft:cooked_beef":3},"minecraft:mined":{"minecraft:dark_oak_planks":4,"minecraft:cornflower":1,"minecraft:crafting_table":2,"minecraft:grass_block":11,"minecraft:tall_grass":2,"minecraft:birch_slab":1,"minecraft:spruce_leaves":7,"minecraft:oxeye_daisy":2,"minecraft:furnace":1,"minecraft:birch_log":11,"minecraft:iron_ore":13,"minecraft:lilac":2,"minecraft:birch_leaves":3,"minecraft:azure_bluet":1,"create:copper_ore":1,"minecraft:grass":26,"minecraft:coal_ore":17,"minecraft:sunflower":9,"minecraft:dirt":5,"minecraft:stone":18,"create:limestone":2},"minecraft:killed":{"kimetsunoyaiba:demon":1,"alexsmobs:hummingbird":1,"alexsmobs:raccoon":2,"kimetsunoyaiba:demon_slayer":1,"kimetsunoyaiba:boar":1,"minecraft:sheep":5,"minecraft:skeleton":2,"kimetsunoyaiba:kasugai_crow":1,"minecraft:zombie":1,"kimetsunoyaiba:muscular_mouse":1,"kimetsunoyaiba:yushiro":1,"minecraft:llama":1,"minecraft:cow":3},"minecraft:dropped":{"minecraft:gravel":4,"alexsmobs:maggot":4,"minecraft:wheat_seeds":1,"minecraft:cooked_beef":1,"minecraft:lilac":2,"minecraft:loom":1,"minecraft:rotten_flesh":5,"kimetsunoyaiba:uniform_chestplate":3,"kimetsunoyaiba:uniform_boots":1,"minecraft:oxeye_daisy":1,"kimetsunoyaiba:human_flesh_2":1,"minecraft:blue_dye":1,"minecraft:gunpowder":2,"kimetsunoyaiba:demon_hand":5,"kimetsunoyaiba:tatami_2":4,"minecraft:chest":1,"tombstone:grave_dust":1,"kimetsunoyaiba:nichirinswordmoon":1,"minecraft:light_gray_dye":2,"minecraft:sunflower":2,"minecraft:arrow":2,"alexsmobs:raccoon_tail":2,"minecraft:string":2,"create:limestone_cobblestone":2,"minecraft:bone":4},"minecraft:custom":{"minecraft:interact_with_furnace":8,"minecraft:mob_kills":36,"minecraft:inspect_hopper":1,"minecraft:interact_with_crafting_table":10,"minecraft:play_one_minute":109283,"minecraft:damage_dealt_resisted":794,"minecraft:leave_game":4,"minecraft:time_since_death":42769,"minecraft:climb_one_cm":553,"minecraft:damage_resisted":461,"minecraft:time_since_rest":41149,"minecraft:sprint_one_cm":316582,"minecraft:damage_taken":1575,"minecraft:walk_one_cm":304718,"minecraft:drop":47,"minecraft:damage_dealt":4569,"minecraft:talked_to_villager":1,"minecraft:swim_one_cm":5286,"minecraft:fly_one_cm":219531,"minecraft:open_chest":4,"minecraft:crouch_one_cm":1556,"tombstone:undead_killed":3,"minecraft:deaths":5,"minecraft:sneak_time":785,"minecraft:walk_under_water_one_cm":5307,"minecraft:jump":1396,"minecraft:interact_with_brewingstand":1,"minecraft:interact_with_smoker":1,"minecraft:walk_on_water_one_cm":20349,"minecraft:fall_one_cm":46919},"minecraft:picked_up":{"kimetsunoyaiba:human_flesh_2":4,"minecraft:birch_log":11,"minecraft:crafting_table":2,"minecraft:azure_bluet":1,"minecraft:lilac":2,"minecraft:leather":11,"minecraft:lead":1,"create:limestone_cobblestone":2,"minecraft:cornflower":1,"kimetsunoyaiba:uniform_chestplate":3,"minecraft:string":4,"minecraft:dirt":18,"minecraft:bone":10,"create:copper_ore":1,"minecraft:wheat_seeds":1,"minecraft:beef":7,"minecraft:iron_ore":12,"minecraft:poppy":1,"alexsmobs:raccoon_tail":3,"minecraft:chest":1,"minecraft:birch_sapling":2,"minecraft:furnace":1,"minecraft:gravel":4,"minecraft:loom":1,"minecraft:dark_oak_planks":4,"minecraft:arrow":7,"minecraft:rotten_flesh":7,"kimetsunoyaiba:uniform_boots":1,"minecraft:lever":2,"kimetsunoyaiba:boar_flesh":1,"kimetsunoyaiba:demon_hand":6,"alexsmobs:maggot":4,"kimetsunoyaiba:nichirinsword":1,"kimetsunoyaiba:tatami_2":4,"minecraft:oxeye_daisy":2,"minecraft:mutton":7,"minecraft:coal":21,"minecraft:white_wool":6,"minecraft:cobblestone":21,"minecraft:sunflower":9},"minecraft:killed_by":{"kimetsunoyaiba:demon_slayer":1,"kimetsunoyaiba:hantengu_aizetsu":1,"kimetsunoyaiba:demon_4":1},"minecraft:crafted":{"minecraft:yellow_wool":6,"minecraft:crafting_table":2,"minecraft:wooden_pickaxe":2,"minecraft:furnace":1,"minecraft:birch_planks":44,"minecraft:stone_axe":1,"minecraft:cooked_mutton":1,"minecraft:blue_dye":1,"kimetsunoyaiba:uniform_muichiro_chestplate":1,"minecraft:yellow_dye":10,"minecraft:stick":20,"minecraft:iron_pickaxe":1,"minecraft:iron_ingot":12,"minecraft:stone_pickaxe":1,"minecraft:light_gray_dye":2,"minecraft:torch":20,"minecraft:cooked_beef":6}},"DataVersion":2586}