{"stats":{"minecraft:killed_by":{"kimetsunoyaiba:demon_slayer":1,"kimetsunoyaiba:hantengu_aizetsu":1},"minecraft:used":{"minecraft:birch_planks":5,"kimetsunoyaiba:nichirinswordmoon":22,"minecraft:poppy":1,"kimetsunoyaiba:nichirinsword_black":44,"minecraft:wooden_pickaxe":7,"minecraft:rotten_flesh":2,"kimetsunoyaiba:human_flesh_2":3,"kimetsunoyaiba:muzanblood":3,"minecraft:stone_axe":6,"minecraft:potion":2,"minecraft:dirt":17,"minecraft:beef":1,"minecraft:crafting_table":1,"alexsmobs:animal_dictionary":3,"tombstone:gift":2},"minecraft:mined":{"minecraft:dark_oak_planks":4,"minecraft:birch_log":6,"minecraft:birch_leaves":1,"minecraft:grass":6,"minecraft:grass_block":10,"minecraft:dirt":5,"minecraft:spruce_leaves":7,"minecraft:birch_slab":1,"minecraft:stone":7},"minecraft:dropped":{"kimetsunoyaiba:human_flesh_2":1,"kimetsunoyaiba:nichirinswordmoon":1,"minecraft:rotten_flesh":2,"kimetsunoyaiba:uniform_chestplate":3,"kimetsunoyaiba:uniform_boots":1,"minecraft:arrow":2,"minecraft:bone":3},"minecraft:killed":{"kimetsunoyaiba:demon":1,"minecraft:skeleton":1,"kimetsunoyaiba:yushiro":1,"minecraft:llama":1,"kimetsunoyaiba:demon_slayer":1,"minecraft:cow":1},"minecraft:picked_up":{"kimetsunoyaiba:human_flesh_2":4,"minecraft:birch_log":6,"minecraft:leather":5,"minecraft:lead":1,"kimetsunoyaiba:uniform_chestplate":3,"minecraft:dirt":17,"minecraft:string":2,"minecraft:dark_oak_planks":4,"minecraft:bone":5,"minecraft:arrow":4,"minecraft:rotten_flesh":4,"kimetsunoyaiba:uniform_boots":1,"minecraft:wheat_seeds":1,"minecraft:beef":1,"minecraft:poppy":1,"alexsmobs:maggot":4,"kimetsunoyaiba:nichirinsword":1,"minecraft:chest":1,"minecraft:cobblestone":10},"minecraft:crafted":{"minecraft:crafting_table":1,"minecraft:stick":8,"minecraft:wooden_pickaxe":2,"minecraft:stone_pickaxe":1,"minecraft:birch_planks":24,"minecraft:stone_axe":1},"minecraft:custom":{"minecraft:sprint_one_cm":193111,"minecraft:damage_taken":1075,"minecraft:walk_one_cm":172904,"minecraft:mob_kills":16,"minecraft:drop":13,"minecraft:inspect_hopper":1,"minecraft:damage_dealt":1878,"minecraft:interact_with_crafting_table":6,"minecraft:swim_one_cm":77,"minecraft:fly_one_cm":118027,"minecraft:open_chest":3,"minecraft:crouch_one_cm":122,"minecraft:play_one_minute":60929,"tombstone:undead_killed":1,"minecraft:deaths":3,"minecraft:sneak_time":229,"minecraft:walk_under_water_one_cm":3360,"minecraft:jump":804,"minecraft:damage_dealt_resisted":300,"minecraft:interact_with_brewingstand":1,"minecraft:leave_game":3,"minecraft:time_since_death":26338,"minecraft:walk_on_water_one_cm":8132,"minecraft:climb_one_cm":553,"minecraft:damage_resisted":260,"minecraft:fall_one_cm":20792,"minecraft:time_since_rest":25901}},"DataVersion":2586}