{
  "minecraft:recipes/transportation/acacia_boat": {
    "criteria": {
      "in_water": "2024-07-07 23:47:02 +0000"
    },
    "done": true
  },
  "minecraft:recipes/transportation/oak_boat": {
    "criteria": {
      "in_water": "2024-07-07 23:47:02 +0000"
    },
    "done": true
  },
  "minecraft:husbandry/root": {
    "criteria": {
      "consumed_item": "2024-07-07 23:49:17 +0000"
    },
    "done": true
  },
  "minecraft:recipes/transportation/dark_oak_boat": {
    "criteria": {
      "in_water": "2024-07-07 23:47:02 +0000"
    },
    "done": true
  },
  "minecraft:recipes/transportation/birch_boat": {
    "criteria": {
      "in_water": "2024-07-07 23:47:02 +0000"
    },
    "done": true
  },
  "minecraft:recipes/transportation/jungle_boat": {
    "criteria": {
      "in_water": "2024-07-07 23:47:02 +0000"
    },
    "done": true
  },
  "kimetsunoyaiba:demon_slayer": {
    "criteria": {
      "demon_slayer": "2024-07-07 23:45:15 +0000"
    },
    "done": true
  },
  "minecraft:recipes/transportation/spruce_boat": {
    "criteria": {
      "in_water": "2024-07-07 23:47:02 +0000"
    },
    "done": true
  },
  "kimetsunoyaiba:cruel": {
    "criteria": {
      "cruel": "2024-07-07 23:45:15 +0000"
    },
    "done": true
  },
  "kimetsunoyaiba:overcome_sunlight": {
    "criteria": {
      "overcome_sunlight": "2024-07-07 23:47:15 +0000"
    },
    "done": true
  },
  "minecraft:adventure/adventuring_time": {
    "criteria": {
      "minecraft:forest": "2024-07-07 23:45:15 +0000",
      "minecraft:taiga": "2024-07-07 23:49:25 +0000",
      "minecraft:birch_forest": "2024-07-07 23:47:32 +0000",
      "minecraft:deep_lukewarm_ocean": "2024-07-07 23:47:06 +0000",
      "minecraft:beach": "2024-07-07 23:45:47 +0000",
      "minecraft:river": "2024-07-07 23:47:26 +0000",
      "minecraft:lukewarm_ocean": "2024-07-07 23:47:03 +0000",
      "minecraft:birch_forest_hills": "2024-07-07 23:47:38 +0000",
      "minecraft:plains": "2024-07-07 23:48:11 +0000"
    },
    "done": false
  },
  "DataVersion": 2586
}